InvoiceNo,StockCode,Description,Quantity,InvoiceDate,UnitPrice,CustomerID,Country,TotalPrice
100000,P1003,"Laptop Stand",4,2023-12-16,35,10265,"UNITED KINGDOM",140
100000,P1005,"HD Webcam",4,2023-07-08,65,10937,SINGAPORE,260
100000,P1001,"Wireless Mouse",2,2024-08-01,15.99,11956,GERMANY,31.98
100001,P1004,"Noise Cancelling Headphones",5,2023-10-31,120,11547,UAE,600
100001,P1008,"External SSD 1TB",5,2024-05-21,140,11980,INDIA,700
100001,P1006,"Bluetooth Speaker",5,2023-04-04,55,11006,INDIA,275
100001,P1001,"Wireless Mouse",5,2023-02-22,15.99,10227,GERMANY,79.95
100002,P1001,"Wireless Mouse",3,2023-06-19,15.99,10838,INDIA,47.97
100003,P1003,"Laptop Stand",1,2023-02-01,35,10203,SINGAPORE,35
100003,P1010,"Ergonomic Chair Cushion",5,2023-04-28,30,11555,UAE,150
100003,P1008,"External SSD 1TB",1,2023-08-26,140,10545,"UNITED KINGDOM",140
100004,P1008,"External SSD 1TB",1,2024-10-09,140,10606,FRANCE,140
100004,P1003,"Laptop Stand",2,2024-04-07,35,11413,FRANCE,70
100004,P1007,"Gaming Mousepad",5,2023-05-22,18.75,10236,FRANCE,93.75
100005,P1003,"Laptop Stand",3,2023-02-07,35,10553,USA,105
100005,P1004,"Noise Cancelling Headphones",2,2024-01-01,120,10259,FRANCE,240
100005,P1009,"USB-C Hub",2,2023-07-09,45,11935,USA,90
100005,P1004,"Noise Cancelling Headphones",1,2024-02-17,120,10231,GERMANY,120
100006,P1003,"Laptop Stand",4,2023-10-03,35,11501,UAE,140
100007,P1005,"HD Webcam",3,2023-10-28,65,11311,FRANCE,195
100008,P1007,"Gaming Mousepad",5,2024-01-16,18.75,11947,UAE,93.75
100008,P1005,"HD Webcam",5,2024-09-09,65,10706,NETHERLANDS,325
100008,P1004,"Noise Cancelling Headphones",3,2024-07-29,120,10431,USA,360
100009,P1008,"External SSD 1TB",5,2023-05-23,140,11663,NETHERLANDS,700
100009,P1004,"Noise Cancelling Headphones",4,2024-08-09,120,11210,FRANCE,480
100010,P1002,"USB Keyboard",4,2023-04-30,25.5,10241,UAE,102
100010,P1010,"Ergonomic Chair Cushion",5,2023-08-14,30,10578,UAE,150
100010,P1006,"Bluetooth Speaker",2,2023-01-31,55,10346,SINGAPORE,110
100011,P1002,"USB Keyboard",5,2023-01-25,25.5,11399,GERMANY,127.5
100011,P1003,"Laptop Stand",5,2024-05-18,35,11842,GERMANY,175
100011,P1001,"Wireless Mouse",3,2024-12-15,15.99,10168,FRANCE,47.97
100012,P1005,"HD Webcam",4,2024-05-28,65,11884,NETHERLANDS,260
100012,P1009,"USB-C Hub",2,2024-07-06,45,11260,FRANCE,90
100012,P1002,"USB Keyboard",3,2023-05-10,25.5,10012,"UNITED KINGDOM",76.5
100013,P1007,"Gaming Mousepad",3,2024-09-05,18.75,10428,"UNITED KINGDOM",56.25
100013,P1005,"HD Webcam",2,2023-06-30,65,10063,GERMANY,130
100013,P1002,"USB Keyboard",2,2024-03-25,25.5,11587,FRANCE,51
100014,P1008,"External SSD 1TB",3,2024-12-12,140,10330,FRANCE,420
100014,P1006,"Bluetooth Speaker",5,2023-08-11,55,10135,FRANCE,275
100014,P1004,"Noise Cancelling Headphones",2,2024-06-28,120,11899,"UNITED KINGDOM",240
100014,P1004,"Noise Cancelling Headphones",1,2024-04-16,120,11444,"UNITED KINGDOM",120
100015,P1002,"USB Keyboard",2,2023-04-28,25.5,11180,"UNITED KINGDOM",51
100016,P1003,"Laptop Stand",3,2024-01-20,35,10393,INDIA,105
100016,P1007,"Gaming Mousepad",1,2023-03-31,18.75,11014,NETHERLANDS,18.75
100016,P1003,"Laptop Stand",3,2024-01-01,35,11270,FRANCE,105
100016,P1005,"HD Webcam",4,2024-02-09,65,10558,UAE,260
100017,P1010,"Ergonomic Chair Cushion",4,2024-12-27,30,11190,GERMANY,120
100017,P1006,"Bluetooth Speaker",5,2023-11-04,55,11862,GERMANY,275
100017,P1006,"Bluetooth Speaker",2,2023-03-01,55,11735,INDIA,110
100017,P1004,"Noise Cancelling Headphones",3,2024-07-13,120,11637,"UNITED KINGDOM",360
100018,P1006,"Bluetooth Speaker",1,2024-05-31,55,10345,SINGAPORE,55
100018,P1003,"Laptop Stand",2,2023-12-15,35,10897,"UNITED KINGDOM",70
100018,P1007,"Gaming Mousepad",5,2023-01-27,18.75,11507,USA,93.75
100018,P1007,"Gaming Mousepad",3,2024-06-23,18.75,10511,FRANCE,56.25
100019,P1004,"Noise Cancelling Headphones",3,2023-12-30,120,11890,USA,360
100019,P1002,"USB Keyboard",4,2023-01-14,25.5,10138,INDIA,102
100019,P1007,"Gaming Mousepad",5,2023-10-02,18.75,11649,"UNITED KINGDOM",93.75
100020,P1003,"Laptop Stand",3,2024-01-20,35,11431,"UNITED KINGDOM",105
100020,P1001,"Wireless Mouse",4,2023-09-05,15.99,11820,UAE,63.96
100021,P1002,"USB Keyboard",4,2023-11-14,25.5,10820,UAE,102
100022,P1010,"Ergonomic Chair Cushion",1,2023-01-29,30,11924,GERMANY,30
100022,P1009,"USB-C Hub",5,2023-06-17,45,10023,SINGAPORE,225
100023,P1008,"External SSD 1TB",5,2023-09-04,140,11613,GERMANY,700
100023,P1006,"Bluetooth Speaker",3,2023-09-20,55,11104,"UNITED KINGDOM",165
100023,P1006,"Bluetooth Speaker",1,2023-03-25,55,10550,NETHERLANDS,55
100023,P1001,"Wireless Mouse",2,2024-11-14,15.99,11707,GERMANY,31.98
100024,P1002,"USB Keyboard",3,2023-09-08,25.5,10832,SINGAPORE,76.5
100024,P1004,"Noise Cancelling Headphones",4,2023-11-26,120,11015,NETHERLANDS,480
100024,P1003,"Laptop Stand",2,2024-08-04,35,11675,UAE,70
100024,P1001,"Wireless Mouse",2,2024-08-11,15.99,10229,INDIA,31.98
100025,P1008,"External SSD 1TB",3,2024-12-12,140,11972,SINGAPORE,420
100025,P1007,"Gaming Mousepad",1,2023-12-17,18.75,10235,GERMANY,18.75
100026,P1004,"Noise Cancelling Headphones",5,2024-09-15,120,10079,GERMANY,600
100026,P1009,"USB-C Hub",1,2024-08-16,45,11571,"UNITED KINGDOM",45
100027,P1004,"Noise Cancelling Headphones",3,2024-10-06,120,10002,USA,360
100027,P1001,"Wireless Mouse",5,2024-04-09,15.99,10947,UAE,79.95
100028,P1010,"Ergonomic Chair Cushion",2,2023-11-22,30,11831,FRANCE,60
100028,P1001,"Wireless Mouse",4,2024-09-24,15.99,11914,USA,63.96
100028,P1001,"Wireless Mouse",1,2023-03-10,15.99,11092,INDIA,15.99
100028,P1001,"Wireless Mouse",5,2024-02-19,15.99,10799,"UNITED KINGDOM",79.95
100029,P1004,"Noise Cancelling Headphones",1,2024-11-16,120,10784,FRANCE,120
100029,P1001,"Wireless Mouse",5,2023-05-11,15.99,11863,FRANCE,79.95
100029,P1002,"USB Keyboard",4,2023-10-01,25.5,11218,UAE,102
100029,P1004,"Noise Cancelling Headphones",3,2024-03-14,120,10224,GERMANY,360
100030,P1007,"Gaming Mousepad",3,2023-01-19,18.75,11426,"UNITED KINGDOM",56.25
100031,P1002,"USB Keyboard",5,2023-07-09,25.5,10438,NETHERLANDS,127.5
100032,P1008,"External SSD 1TB",5,2023-09-27,140,11001,FRANCE,700
100032,P1007,"Gaming Mousepad",3,2023-12-05,18.75,11079,NETHERLANDS,56.25
100032,P1009,"USB-C Hub",2,2024-10-19,45,10303,USA,90
100032,P1006,"Bluetooth Speaker",2,2024-03-20,55,11576,USA,110
100033,P1004,"Noise Cancelling Headphones",2,2024-08-02,120,10527,INDIA,240
100033,P1006,"Bluetooth Speaker",4,2024-09-19,55,11922,FRANCE,220
100034,P1004,"Noise Cancelling Headphones",5,2023-12-22,120,10023,"UNITED KINGDOM",600
100034,P1007,"Gaming Mousepad",1,2023-09-07,18.75,11130,SINGAPORE,18.75
100035,P1009,"USB-C Hub",1,2024-05-20,45,10665,NETHERLANDS,45
100036,P1003,"Laptop Stand",5,2024-07-09,35,11226,SINGAPORE,175
100036,P1003,"Laptop Stand",3,2023-06-15,35,11306,NETHERLANDS,105
100036,P1002,"USB Keyboard",5,2023-10-24,25.5,11316,NETHERLANDS,127.5
100036,P1001,"Wireless Mouse",2,2023-05-11,15.99,10842,GERMANY,31.98
100037,P1001,"Wireless Mouse",2,2024-05-01,15.99,10097,SINGAPORE,31.98
100038,P1003,"Laptop Stand",1,2024-06-09,35,10440,SINGAPORE,35
100039,P1007,"Gaming Mousepad",5,2023-10-03,18.75,11789,USA,93.75
100039,P1009,"USB-C Hub",1,2024-08-13,45,11396,UAE,45
100039,P1002,"USB Keyboard",3,2023-01-28,25.5,11851,UAE,76.5
100040,P1007,"Gaming Mousepad",4,2023-03-17,18.75,11733,GERMANY,75
100040,P1001,"Wireless Mouse",4,2023-10-19,15.99,11958,SINGAPORE,63.96
100040,P1002,"USB Keyboard",3,2024-01-16,25.5,11776,"UNITED KINGDOM",76.5
100041,P1006,"Bluetooth Speaker",2,2024-08-01,55,10706,INDIA,110
100041,P1005,"HD Webcam",2,2024-02-02,65,10931,FRANCE,130
100041,P1008,"External SSD 1TB",2,2023-05-25,140,11377,GERMANY,280
100042,P1002,"USB Keyboard",1,2023-01-08,25.5,10503,SINGAPORE,25.5
100042,P1001,"Wireless Mouse",1,2023-09-26,15.99,10483,FRANCE,15.99
100043,P1007,"Gaming Mousepad",4,2024-03-31,18.75,10055,USA,75
100043,P1006,"Bluetooth Speaker",2,2023-02-10,55,11230,INDIA,110
100043,P1008,"External SSD 1TB",2,2024-03-10,140,10416,SINGAPORE,280
100043,P1008,"External SSD 1TB",3,2023-11-29,140,10544,"UNITED KINGDOM",420
100044,P1002,"USB Keyboard",4,2023-09-30,25.5,10004,UAE,102
100044,P1008,"External SSD 1TB",1,2024-02-13,140,10004,SINGAPORE,140
100044,P1006,"Bluetooth Speaker",4,2023-03-16,55,10114,"UNITED KINGDOM",220
100044,P1009,"USB-C Hub",2,2024-07-26,45,10002,USA,90
100045,P1007,"Gaming Mousepad",2,2023-08-28,18.75,11002,INDIA,37.5
100045,P1002,"USB Keyboard",1,2023-02-03,25.5,11822,"UNITED KINGDOM",25.5
100045,P1008,"External SSD 1TB",1,2024-05-19,140,11838,SINGAPORE,140
100045,P1009,"USB-C Hub",4,2023-01-29,45,10155,"UNITED KINGDOM",180
100046,P1007,"Gaming Mousepad",5,2023-02-09,18.75,10132,FRANCE,93.75
100046,P1004,"Noise Cancelling Headphones",2,2024-07-06,120,11693,GERMANY,240
100046,P1009,"USB-C Hub",2,2024-03-25,45,11808,GERMANY,90
100046,P1004,"Noise Cancelling Headphones",5,2023-05-03,120,11588,FRANCE,600
100047,P1004,"Noise Cancelling Headphones",4,2024-03-14,120,11846,INDIA,480
100047,P1009,"USB-C Hub",3,2023-11-03,45,10591,FRANCE,135
100047,P1008,"External SSD 1TB",3,2023-07-27,140,11724,USA,420
100048,P1004,"Noise Cancelling Headphones",2,2024-11-01,120,10071,SINGAPORE,240
100048,P1008,"External SSD 1TB",3,2024-04-12,140,11695,UAE,420
100049,P1008,"External SSD 1TB",4,2024-04-07,140,10566,INDIA,560
100049,P1007,"Gaming Mousepad",3,2023-11-10,18.75,11550,USA,56.25
100050,P1010,"Ergonomic Chair Cushion",1,2024-08-15,30,11102,UAE,30
100050,P1006,"Bluetooth Speaker",4,2024-04-15,55,11053,SINGAPORE,220
100050,P1008,"External SSD 1TB",5,2023-12-30,140,11767,GERMANY,700
100051,P1007,"Gaming Mousepad",2,2023-10-14,18.75,11983,UAE,37.5
100051,P1005,"HD Webcam",4,2023-06-20,65,11316,NETHERLANDS,260
100052,P1004,"Noise Cancelling Headphones",3,2023-02-05,120,11383,FRANCE,360
100052,P1002,"USB Keyboard",4,2023-12-14,25.5,11312,SINGAPORE,102
100052,P1008,"External SSD 1TB",5,2023-09-14,140,11688,UAE,700
100053,P1009,"USB-C Hub",4,2024-03-23,45,10464,FRANCE,180
100053,P1004,"Noise Cancelling Headphones",5,2023-12-11,120,10760,UAE,600
100053,P1004,"Noise Cancelling Headphones",5,2023-09-28,120,11010,INDIA,600
100053,P1005,"HD Webcam",4,2023-08-26,65,11282,NETHERLANDS,260
100054,P1002,"USB Keyboard",2,2024-09-10,25.5,10017,UAE,51
100054,P1007,"Gaming Mousepad",2,2024-04-13,18.75,11322,"UNITED KINGDOM",37.5
100054,P1005,"HD Webcam",3,2024-11-04,65,10949,UAE,195
100055,P1006,"Bluetooth Speaker",4,2023-02-06,55,10902,"UNITED KINGDOM",220
100055,P1004,"Noise Cancelling Headphones",4,2023-07-29,120,10728,"UNITED KINGDOM",480
100055,P1008,"External SSD 1TB",1,2024-11-18,140,10045,USA,140
100055,P1008,"External SSD 1TB",2,2024-01-25,140,10974,GERMANY,280
100056,P1005,"HD Webcam",5,2024-04-29,65,11737,UAE,325
100056,P1006,"Bluetooth Speaker",1,2023-02-23,55,11231,UAE,55
100056,P1003,"Laptop Stand",4,2023-01-24,35,11945,UAE,140
100056,P1001,"Wireless Mouse",1,2023-09-18,15.99,11940,SINGAPORE,15.99
100057,P1009,"USB-C Hub",2,2023-04-23,45,10571,USA,90
100058,P1009,"USB-C Hub",4,2023-08-30,45,11724,FRANCE,180
100058,P1003,"Laptop Stand",2,2024-04-01,35,10009,"UNITED KINGDOM",70
100058,P1004,"Noise Cancelling Headphones",1,2024-10-31,120,11994,FRANCE,120
100059,P1007,"Gaming Mousepad",3,2023-08-20,18.75,11454,"UNITED KINGDOM",56.25
100060,P1002,"USB Keyboard",5,2024-12-16,25.5,11107,USA,127.5
100060,P1003,"Laptop Stand",5,2024-06-15,35,11121,"UNITED KINGDOM",175
100060,P1006,"Bluetooth Speaker",3,2024-07-30,55,10678,UAE,165
100061,P1008,"External SSD 1TB",3,2023-02-01,140,10659,FRANCE,420
100061,P1001,"Wireless Mouse",3,2024-02-04,15.99,11265,"UNITED KINGDOM",47.97
100061,P1004,"Noise Cancelling Headphones",2,2023-08-29,120,10204,SINGAPORE,240
100062,P1001,"Wireless Mouse",4,2024-05-22,15.99,11622,INDIA,63.96
100063,P1002,"USB Keyboard",3,2023-02-10,25.5,10909,UAE,76.5
100064,P1008,"External SSD 1TB",2,2024-04-02,140,10923,INDIA,280
100064,P1006,"Bluetooth Speaker",1,2023-01-09,55,11129,FRANCE,55
100064,P1009,"USB-C Hub",1,2024-08-19,45,10726,INDIA,45
100065,P1002,"USB Keyboard",3,2023-06-12,25.5,11639,SINGAPORE,76.5
100065,P1003,"Laptop Stand",1,2024-04-25,35,10515,NETHERLANDS,35
100066,P1009,"USB-C Hub",3,2024-09-29,45,10225,FRANCE,135
100066,P1009,"USB-C Hub",1,2024-07-18,45,11007,GERMANY,45
100066,P1006,"Bluetooth Speaker",1,2024-12-01,55,11057,"UNITED KINGDOM",55
100066,P1003,"Laptop Stand",4,2024-02-15,35,11403,"UNITED KINGDOM",140
100067,P1005,"HD Webcam",4,2024-10-20,65,10978,FRANCE,260
100068,P1002,"USB Keyboard",1,2024-07-10,25.5,10409,USA,25.5
100068,P1007,"Gaming Mousepad",4,2024-01-10,18.75,10394,"UNITED KINGDOM",75
100068,P1010,"Ergonomic Chair Cushion",3,2023-12-12,30,10157,FRANCE,90
100068,P1008,"External SSD 1TB",5,2023-01-10,140,10913,INDIA,700
100069,P1006,"Bluetooth Speaker",3,2024-02-13,55,11437,"UNITED KINGDOM",165
100069,P1008,"External SSD 1TB",4,2023-07-07,140,10529,INDIA,560
100070,P1002,"USB Keyboard",2,2024-11-21,25.5,11209,"UNITED KINGDOM",51
100070,P1003,"Laptop Stand",1,2023-12-14,35,11354,NETHERLANDS,35
100071,P1007,"Gaming Mousepad",4,2023-08-10,18.75,11601,GERMANY,75
100071,P1010,"Ergonomic Chair Cushion",4,2024-08-02,30,11042,UAE,120
100072,P1001,"Wireless Mouse",4,2023-07-01,15.99,10020,USA,63.96
100073,P1007,"Gaming Mousepad",3,2023-03-09,18.75,10763,FRANCE,56.25
100073,P1006,"Bluetooth Speaker",1,2024-09-10,55,11914,SINGAPORE,55
100074,P1008,"External SSD 1TB",5,2023-09-07,140,11808,UAE,700
100075,P1007,"Gaming Mousepad",4,2023-11-21,18.75,11697,FRANCE,75
100075,P1004,"Noise Cancelling Headphones",2,2024-07-12,120,10747,SINGAPORE,240
100076,P1003,"Laptop Stand",1,2023-03-09,35,10846,FRANCE,35
100076,P1003,"Laptop Stand",5,2024-10-29,35,10123,INDIA,175
100076,P1004,"Noise Cancelling Headphones",2,2023-12-09,120,10550,UAE,240
100076,P1009,"USB-C Hub",5,2023-09-05,45,10676,"UNITED KINGDOM",225
100077,P1009,"USB-C Hub",5,2023-11-18,45,11619,SINGAPORE,225
100077,P1002,"USB Keyboard",1,2023-01-11,25.5,10643,"UNITED KINGDOM",25.5
100077,P1005,"HD Webcam",3,2023-04-21,65,11296,INDIA,195
100077,P1001,"Wireless Mouse",2,2024-08-20,15.99,10792,FRANCE,31.98
100078,P1004,"Noise Cancelling Headphones",4,2023-05-05,120,10775,SINGAPORE,480
100078,P1002,"USB Keyboard",5,2024-04-09,25.5,11976,"UNITED KINGDOM",127.5
100078,P1008,"External SSD 1TB",2,2023-10-07,140,10885,"UNITED KINGDOM",280
100079,P1004,"Noise Cancelling Headphones",1,2023-08-18,120,11896,SINGAPORE,120
100079,P1005,"HD Webcam",2,2023-12-22,65,10794,GERMANY,130
100079,P1004,"Noise Cancelling Headphones",4,2024-04-05,120,11847,"UNITED KINGDOM",480
100079,P1005,"HD Webcam",4,2023-03-31,65,10158,UAE,260
100080,P1005,"HD Webcam",1,2023-12-27,65,10583,NETHERLANDS,65
100080,P1005,"HD Webcam",2,2024-03-12,65,10280,NETHERLANDS,130
100080,P1003,"Laptop Stand",3,2024-04-29,35,10827,GERMANY,105
100081,P1007,"Gaming Mousepad",3,2023-03-24,18.75,10072,UAE,56.25
100081,P1003,"Laptop Stand",5,2024-12-29,35,10553,FRANCE,175
100081,P1002,"USB Keyboard",5,2023-03-24,25.5,10811,USA,127.5
100081,P1003,"Laptop Stand",2,2024-09-20,35,11770,FRANCE,70
100082,P1003,"Laptop Stand",5,2023-08-11,35,11024,INDIA,175
100083,P1008,"External SSD 1TB",4,2023-03-31,140,11635,USA,560
100083,P1004,"Noise Cancelling Headphones",1,2024-05-01,120,10221,NETHERLANDS,120
100083,P1003,"Laptop Stand",5,2024-09-23,35,11903,USA,175
100083,P1010,"Ergonomic Chair Cushion",3,2024-11-14,30,11136,UAE,90
100084,P1005,"HD Webcam",4,2023-08-28,65,10821,FRANCE,260
100084,P1004,"Noise Cancelling Headphones",3,2023-01-08,120,10241,INDIA,360
100084,P1009,"USB-C Hub",5,2024-05-24,45,11391,NETHERLANDS,225
100085,P1008,"External SSD 1TB",5,2023-03-05,140,10237,USA,700
100085,P1007,"Gaming Mousepad",4,2024-01-04,18.75,11974,SINGAPORE,75
100085,P1008,"External SSD 1TB",3,2023-09-07,140,11805,INDIA,420
100086,P1005,"HD Webcam",1,2024-06-21,65,11848,UAE,65
100086,P1004,"Noise Cancelling Headphones",1,2024-06-11,120,10553,FRANCE,120
100087,P1007,"Gaming Mousepad",4,2024-09-15,18.75,11327,USA,75
100088,P1001,"Wireless Mouse",5,2023-03-01,15.99,10237,SINGAPORE,79.95
100088,P1006,"Bluetooth Speaker",4,2024-07-07,55,10579,USA,220
100088,P1008,"External SSD 1TB",3,2024-06-28,140,11945,NETHERLANDS,420
100088,P1007,"Gaming Mousepad",1,2023-11-21,18.75,11549,GERMANY,18.75
100089,P1002,"USB Keyboard",5,2024-12-07,25.5,11983,USA,127.5
100089,P1007,"Gaming Mousepad",3,2023-03-06,18.75,11209,NETHERLANDS,56.25
100090,P1006,"Bluetooth Speaker",1,2024-03-31,55,10935,USA,55
100090,P1005,"HD Webcam",1,2023-10-02,65,10812,FRANCE,65
100090,P1004,"Noise Cancelling Headphones",2,2023-06-03,120,10803,FRANCE,240
100090,P1001,"Wireless Mouse",5,2024-07-01,15.99,11454,FRANCE,79.95
100091,P1002,"USB Keyboard",4,2024-05-08,25.5,10002,GERMANY,102
100091,P1007,"Gaming Mousepad",2,2023-11-04,18.75,11209,NETHERLANDS,37.5
100091,P1010,"Ergonomic Chair Cushion",1,2023-05-09,30,10979,GERMANY,30
100091,P1003,"Laptop Stand",5,2023-04-10,35,11401,INDIA,175
100092,P1005,"HD Webcam",5,2024-02-02,65,10069,INDIA,325
100092,P1008,"External SSD 1TB",2,2024-11-15,140,10276,INDIA,280
100093,P1008,"External SSD 1TB",3,2023-05-30,140,11930,UAE,420
100093,P1006,"Bluetooth Speaker",3,2023-10-19,55,10602,NETHERLANDS,165
100094,P1005,"HD Webcam",4,2023-09-03,65,10989,UAE,260
100094,P1002,"USB Keyboard",5,2024-12-22,25.5,10438,"UNITED KINGDOM",127.5
100095,P1009,"USB-C Hub",2,2023-04-22,45,10397,UAE,90
100095,P1001,"Wireless Mouse",1,2024-01-23,15.99,10430,UAE,15.99
100096,P1002,"USB Keyboard",3,2023-06-29,25.5,10337,FRANCE,76.5
100096,P1001,"Wireless Mouse",2,2023-10-25,15.99,11605,NETHERLANDS,31.98
100097,P1004,"Noise Cancelling Headphones",4,2023-12-18,120,11323,"UNITED KINGDOM",480
100097,P1004,"Noise Cancelling Headphones",4,2023-12-01,120,11960,SINGAPORE,480
100097,P1005,"HD Webcam",5,2024-04-23,65,10735,"UNITED KINGDOM",325
100097,P1005,"HD Webcam",4,2023-09-27,65,11120,INDIA,260
100098,P1008,"External SSD 1TB",4,2023-01-14,140,11087,USA,560
100098,P1003,"Laptop Stand",3,2024-07-12,35,10883,NETHERLANDS,105
100099,P1006,"Bluetooth Speaker",3,2024-08-19,55,11279,"UNITED KINGDOM",165
100100,P1003,"Laptop Stand",4,2023-12-03,35,11142,UAE,140
100100,P1002,"USB Keyboard",5,2024-09-18,25.5,10843,"UNITED KINGDOM",127.5
100100,P1008,"External SSD 1TB",3,2024-03-26,140,11347,"UNITED KINGDOM",420
100101,P1001,"Wireless Mouse",3,2023-10-03,15.99,10177,USA,47.97
100101,P1009,"USB-C Hub",4,2023-01-30,45,11461,NETHERLANDS,180
100102,P1007,"Gaming Mousepad",5,2024-07-19,18.75,10611,NETHERLANDS,93.75
100102,P1010,"Ergonomic Chair Cushion",4,2023-06-11,30,11456,FRANCE,120
100103,P1004,"Noise Cancelling Headphones",1,2023-05-04,120,10874,"UNITED KINGDOM",120
100103,P1003,"Laptop Stand",1,2023-04-06,35,11599,UAE,35
100103,P1006,"Bluetooth Speaker",5,2023-07-20,55,10714,FRANCE,275
100103,P1009,"USB-C Hub",1,2024-05-04,45,11251,USA,45
100104,P1009,"USB-C Hub",5,2023-12-19,45,11358,SINGAPORE,225
100104,P1004,"Noise Cancelling Headphones",1,2023-04-29,120,11239,INDIA,120
100105,P1010,"Ergonomic Chair Cushion",2,2024-08-30,30,10566,FRANCE,60
100105,P1005,"HD Webcam",3,2023-02-25,65,10288,USA,195
100106,P1009,"USB-C Hub",4,2024-04-29,45,10475,INDIA,180
100106,P1002,"USB Keyboard",5,2024-05-20,25.5,11703,"UNITED KINGDOM",127.5
100107,P1002,"USB Keyboard",1,2024-05-26,25.5,10259,USA,25.5
100107,P1005,"HD Webcam",2,2023-12-10,65,11227,USA,130
100107,P1001,"Wireless Mouse",1,2024-03-24,15.99,10975,FRANCE,15.99
100107,P1008,"External SSD 1TB",2,2023-03-22,140,10139,INDIA,280
100108,P1005,"HD Webcam",4,2024-01-01,65,10301,USA,260
100108,P1010,"Ergonomic Chair Cushion",3,2023-07-27,30,11876,NETHERLANDS,90
100109,P1002,"USB Keyboard",3,2023-09-29,25.5,10921,SINGAPORE,76.5
100109,P1009,"USB-C Hub",2,2023-02-17,45,11992,USA,90
100109,P1002,"USB Keyboard",1,2024-09-06,25.5,11683,GERMANY,25.5
100110,P1007,"Gaming Mousepad",3,2023-05-13,18.75,11905,NETHERLANDS,56.25
100110,P1008,"External SSD 1TB",1,2024-03-05,140,10629,USA,140
100110,P1006,"Bluetooth Speaker",5,2024-04-16,55,11236,"UNITED KINGDOM",275
100110,P1007,"Gaming Mousepad",1,2024-09-10,18.75,11577,FRANCE,18.75
100111,P1001,"Wireless Mouse",5,2023-10-22,15.99,10068,INDIA,79.95
100111,P1004,"Noise Cancelling Headphones",5,2023-10-25,120,11011,"UNITED KINGDOM",600
100111,P1007,"Gaming Mousepad",3,2024-12-28,18.75,11468,USA,56.25
100112,P1001,"Wireless Mouse",5,2023-12-04,15.99,10138,USA,79.95
100112,P1001,"Wireless Mouse",1,2023-03-10,15.99,10251,FRANCE,15.99
100112,P1006,"Bluetooth Speaker",4,2023-10-18,55,11220,"UNITED KINGDOM",220
100112,P1004,"Noise Cancelling Headphones",1,2024-03-28,120,11743,UAE,120
100113,P1003,"Laptop Stand",2,2024-09-02,35,11931,USA,70
100113,P1005,"HD Webcam",2,2023-04-20,65,10100,SINGAPORE,130
100114,P1009,"USB-C Hub",1,2024-10-07,45,10225,USA,45
100114,P1010,"Ergonomic Chair Cushion",2,2024-08-02,30,10125,GERMANY,60
100114,P1010,"Ergonomic Chair Cushion",4,2024-05-17,30,11343,FRANCE,120
100115,P1010,"Ergonomic Chair Cushion",2,2023-12-19,30,10149,"UNITED KINGDOM",60
100115,P1003,"Laptop Stand",3,2023-06-22,35,11038,SINGAPORE,105
100115,P1005,"HD Webcam",4,2023-08-14,65,11375,GERMANY,260
100115,P1010,"Ergonomic Chair Cushion",3,2023-03-14,30,10480,SINGAPORE,90
100116,P1005,"HD Webcam",3,2023-07-26,65,11634,SINGAPORE,195
100117,P1009,"USB-C Hub",4,2023-11-01,45,11091,"UNITED KINGDOM",180
100117,P1010,"Ergonomic Chair Cushion",3,2024-11-22,30,10975,NETHERLANDS,90
100118,P1004,"Noise Cancelling Headphones",2,2023-06-27,120,11655,USA,240
100118,P1001,"Wireless Mouse",1,2023-07-05,15.99,10457,SINGAPORE,15.99
100118,P1010,"Ergonomic Chair Cushion",4,2024-05-27,30,10876,SINGAPORE,120
100118,P1005,"HD Webcam",1,2024-04-02,65,10938,NETHERLANDS,65
100119,P1001,"Wireless Mouse",4,2023-11-21,15.99,11248,FRANCE,63.96
100120,P1006,"Bluetooth Speaker",4,2024-07-24,55,10331,FRANCE,220
100120,P1010,"Ergonomic Chair Cushion",3,2023-06-19,30,10188,NETHERLANDS,90
100120,P1010,"Ergonomic Chair Cushion",1,2023-07-28,30,11274,UAE,30
100120,P1007,"Gaming Mousepad",2,2023-05-21,18.75,11358,USA,37.5
100121,P1001,"Wireless Mouse",1,2024-09-13,15.99,11950,NETHERLANDS,15.99
100122,P1010,"Ergonomic Chair Cushion",4,2024-01-07,30,10098,NETHERLANDS,120
100122,P1004,"Noise Cancelling Headphones",2,2023-03-20,120,10687,UAE,240
100123,P1009,"USB-C Hub",3,2023-02-19,45,11494,NETHERLANDS,135
100123,P1001,"Wireless Mouse",2,2024-11-05,15.99,11439,NETHERLANDS,31.98
100123,P1009,"USB-C Hub",2,2023-01-23,45,10751,GERMANY,90
100124,P1008,"External SSD 1TB",1,2023-12-17,140,10472,UAE,140
100125,P1005,"HD Webcam",4,2023-03-20,65,10708,GERMANY,260
100125,P1006,"Bluetooth Speaker",4,2023-05-23,55,10628,GERMANY,220
100125,P1007,"Gaming Mousepad",4,2023-01-28,18.75,11465,GERMANY,75
100125,P1004,"Noise Cancelling Headphones",5,2023-12-28,120,10884,UAE,600
100126,P1006,"Bluetooth Speaker",3,2023-09-25,55,10424,NETHERLANDS,165
100126,P1007,"Gaming Mousepad",1,2024-12-29,18.75,10205,INDIA,18.75
100127,P1006,"Bluetooth Speaker",4,2023-05-06,55,11822,USA,220
100128,P1006,"Bluetooth Speaker",2,2023-10-15,55,10431,INDIA,110
100128,P1002,"USB Keyboard",5,2023-12-23,25.5,11741,UAE,127.5
100128,P1005,"HD Webcam",3,2024-07-22,65,11577,USA,195
100128,P1003,"Laptop Stand",4,2023-10-14,35,11549,NETHERLANDS,140
100129,P1007,"Gaming Mousepad",5,2023-10-23,18.75,11341,UAE,93.75
100129,P1004,"Noise Cancelling Headphones",3,2023-11-05,120,10197,"UNITED KINGDOM",360
100129,P1001,"Wireless Mouse",2,2024-07-01,15.99,11852,FRANCE,31.98
100129,P1006,"Bluetooth Speaker",5,2023-11-29,55,10058,USA,275
100130,P1006,"Bluetooth Speaker",1,2023-04-25,55,11323,NETHERLANDS,55
100130,P1007,"Gaming Mousepad",3,2024-01-13,18.75,11243,USA,56.25
100130,P1008,"External SSD 1TB",5,2024-09-09,140,11968,UAE,700
100130,P1003,"Laptop Stand",5,2024-02-24,35,11488,USA,175
100131,P1006,"Bluetooth Speaker",3,2024-09-18,55,11275,UAE,165
100132,P1010,"Ergonomic Chair Cushion",5,2023-04-28,30,10899,USA,150
100133,P1002,"USB Keyboard",5,2024-04-11,25.5,11819,"UNITED KINGDOM",127.5
100134,P1009,"USB-C Hub",3,2024-07-16,45,11222,UAE,135
100134,P1002,"USB Keyboard",2,2024-04-09,25.5,11897,UAE,51
100134,P1003,"Laptop Stand",1,2024-07-06,35,10248,USA,35
100135,P1010,"Ergonomic Chair Cushion",3,2023-11-05,30,10773,UAE,90
100136,P1002,"USB Keyboard",4,2023-08-28,25.5,11129,"UNITED KINGDOM",102
100137,P1009,"USB-C Hub",5,2023-11-11,45,11463,USA,225
100138,P1001,"Wireless Mouse",1,2023-12-28,15.99,11508,INDIA,15.99
100138,P1005,"HD Webcam",1,2023-03-19,65,11337,USA,65
100138,P1001,"Wireless Mouse",3,2024-08-13,15.99,11776,GERMANY,47.97
100139,P1005,"HD Webcam",4,2024-03-08,65,10476,FRANCE,260
100140,P1008,"External SSD 1TB",4,2023-07-07,140,10639,NETHERLANDS,560
100140,P1008,"External SSD 1TB",2,2024-11-01,140,11115,"UNITED KINGDOM",280
100140,P1008,"External SSD 1TB",4,2023-01-03,140,10082,FRANCE,560
100140,P1002,"USB Keyboard",3,2023-10-22,25.5,10077,USA,76.5
100141,P1008,"External SSD 1TB",1,2024-02-26,140,10109,FRANCE,140
100142,P1005,"HD Webcam",1,2023-06-17,65,11022,FRANCE,65
100142,P1001,"Wireless Mouse",4,2023-01-24,15.99,11036,NETHERLANDS,63.96
100142,P1007,"Gaming Mousepad",5,2023-11-16,18.75,11052,INDIA,93.75
100142,P1006,"Bluetooth Speaker",2,2023-01-28,55,11698,UAE,110
100143,P1005,"HD Webcam",4,2024-11-22,65,11320,INDIA,260
100143,P1001,"Wireless Mouse",3,2024-08-21,15.99,11980,USA,47.97
100143,P1001,"Wireless Mouse",2,2024-01-27,15.99,10513,UAE,31.98
100143,P1006,"Bluetooth Speaker",4,2024-08-07,55,10065,"UNITED KINGDOM",220
100144,P1010,"Ergonomic Chair Cushion",2,2024-11-07,30,11817,NETHERLANDS,60
100144,P1007,"Gaming Mousepad",5,2024-12-18,18.75,11152,"UNITED KINGDOM",93.75
100144,P1010,"Ergonomic Chair Cushion",3,2024-06-07,30,10219,UAE,90
100144,P1010,"Ergonomic Chair Cushion",4,2024-04-11,30,10676,USA,120
100145,P1001,"Wireless Mouse",1,2024-04-28,15.99,11505,NETHERLANDS,15.99
100145,P1009,"USB-C Hub",3,2024-08-22,45,11133,USA,135
100145,P1004,"Noise Cancelling Headphones",5,2024-08-20,120,11047,FRANCE,600
100146,P1005,"HD Webcam",5,2023-10-11,65,10176,FRANCE,325
100146,P1002,"USB Keyboard",1,2023-08-20,25.5,10699,INDIA,25.5
100146,P1010,"Ergonomic Chair Cushion",3,2023-08-08,30,11135,UAE,90
100147,P1008,"External SSD 1TB",4,2024-02-08,140,10348,SINGAPORE,560
100147,P1002,"USB Keyboard",1,2024-11-05,25.5,11505,INDIA,25.5
100147,P1003,"Laptop Stand",4,2024-02-11,35,11275,UAE,140
100148,P1009,"USB-C Hub",2,2023-01-27,45,10629,NETHERLANDS,90
100149,P1002,"USB Keyboard",4,2024-12-10,25.5,11504,UAE,102
100149,P1006,"Bluetooth Speaker",2,2024-07-27,55,10549,SINGAPORE,110
100149,P1004,"Noise Cancelling Headphones",4,2024-11-28,120,11825,FRANCE,480
100149,P1007,"Gaming Mousepad",2,2024-04-29,18.75,11988,SINGAPORE,37.5
100150,P1006,"Bluetooth Speaker",3,2023-08-15,55,10733,"UNITED KINGDOM",165
100150,P1010,"Ergonomic Chair Cushion",5,2023-06-23,30,10981,SINGAPORE,150
100150,P1009,"USB-C Hub",3,2023-10-02,45,11154,UAE,135
100151,P1009,"USB-C Hub",1,2023-03-30,45,10156,GERMANY,45
100151,P1010,"Ergonomic Chair Cushion",3,2023-05-08,30,11310,SINGAPORE,90
100151,P1004,"Noise Cancelling Headphones",3,2024-10-07,120,10605,SINGAPORE,360
100152,P1001,"Wireless Mouse",5,2024-08-16,15.99,10860,"UNITED KINGDOM",79.95
100153,P1002,"USB Keyboard",3,2024-05-22,25.5,10926,FRANCE,76.5
100153,P1008,"External SSD 1TB",1,2023-06-14,140,10855,UAE,140
100153,P1010,"Ergonomic Chair Cushion",3,2023-07-27,30,11384,GERMANY,90
100154,P1008,"External SSD 1TB",3,2024-08-16,140,11174,USA,420
100155,P1002,"USB Keyboard",3,2024-07-10,25.5,10175,INDIA,76.5
100155,P1004,"Noise Cancelling Headphones",3,2023-09-08,120,11189,NETHERLANDS,360
100156,P1001,"Wireless Mouse",5,2023-10-05,15.99,10633,UAE,79.95
100156,P1007,"Gaming Mousepad",5,2023-03-18,18.75,11716,SINGAPORE,93.75
100156,P1004,"Noise Cancelling Headphones",1,2024-07-08,120,11712,SINGAPORE,120
100157,P1008,"External SSD 1TB",1,2024-11-15,140,11904,INDIA,140
100157,P1009,"USB-C Hub",1,2024-07-20,45,10673,GERMANY,45
100158,P1009,"USB-C Hub",3,2023-07-17,45,11623,USA,135
100159,P1003,"Laptop Stand",4,2024-08-29,35,10152,GERMANY,140
100159,P1005,"HD Webcam",3,2023-02-03,65,10253,INDIA,195
100159,P1006,"Bluetooth Speaker",4,2023-12-30,55,10385,USA,220
100159,P1006,"Bluetooth Speaker",1,2024-01-01,55,11605,"UNITED KINGDOM",55
100160,P1010,"Ergonomic Chair Cushion",3,2024-07-24,30,10680,GERMANY,90
100160,P1008,"External SSD 1TB",1,2024-04-10,140,11533,NETHERLANDS,140
100160,P1006,"Bluetooth Speaker",5,2023-09-11,55,10953,GERMANY,275
100161,P1006,"Bluetooth Speaker",1,2023-07-30,55,11119,USA,55
100162,P1004,"Noise Cancelling Headphones",3,2023-07-03,120,10363,FRANCE,360
100162,P1007,"Gaming Mousepad",5,2023-02-24,18.75,10204,"UNITED KINGDOM",93.75
100162,P1008,"External SSD 1TB",5,2023-03-21,140,10911,UAE,700
100162,P1003,"Laptop Stand",4,2023-07-31,35,10601,FRANCE,140
100163,P1007,"Gaming Mousepad",2,2023-07-25,18.75,11417,NETHERLANDS,37.5
100163,P1003,"Laptop Stand",5,2024-11-21,35,10771,GERMANY,175
100163,P1008,"External SSD 1TB",2,2023-10-25,140,11805,"UNITED KINGDOM",280
100163,P1001,"Wireless Mouse",1,2024-12-08,15.99,10919,"UNITED KINGDOM",15.99
100164,P1001,"Wireless Mouse",1,2024-10-17,15.99,11765,NETHERLANDS,15.99
100164,P1006,"Bluetooth Speaker",5,2023-06-01,55,10228,INDIA,275
100165,P1010,"Ergonomic Chair Cushion",4,2023-07-24,30,10870,SINGAPORE,120
100166,P1009,"USB-C Hub",1,2023-02-11,45,11622,FRANCE,45
100166,P1004,"Noise Cancelling Headphones",2,2024-08-16,120,11482,INDIA,240
100166,P1006,"Bluetooth Speaker",5,2023-12-11,55,10519,SINGAPORE,275
100166,P1005,"HD Webcam",5,2023-04-06,65,10133,SINGAPORE,325
100167,P1001,"Wireless Mouse",4,2023-10-16,15.99,10993,UAE,63.96
100167,P1006,"Bluetooth Speaker",5,2024-04-30,55,10164,"UNITED KINGDOM",275
100167,P1009,"USB-C Hub",3,2023-10-19,45,11022,GERMANY,135
100168,P1003,"Laptop Stand",2,2023-08-25,35,10096,UAE,70
100168,P1003,"Laptop Stand",3,2023-12-27,35,11772,SINGAPORE,105
100168,P1002,"USB Keyboard",3,2024-11-08,25.5,11846,INDIA,76.5
100169,P1004,"Noise Cancelling Headphones",2,2024-10-03,120,10383,INDIA,240
100169,P1010,"Ergonomic Chair Cushion",5,2023-05-10,30,11481,SINGAPORE,150
100170,P1003,"Laptop Stand",5,2023-11-06,35,10867,GERMANY,175
100170,P1002,"USB Keyboard",3,2024-06-08,25.5,11158,INDIA,76.5
100170,P1001,"Wireless Mouse",2,2023-01-10,15.99,10434,FRANCE,31.98
100170,P1003,"Laptop Stand",1,2024-05-12,35,10080,SINGAPORE,35
100171,P1010,"Ergonomic Chair Cushion",2,2023-03-09,30,10979,"UNITED KINGDOM",60
100172,P1006,"Bluetooth Speaker",3,2024-02-17,55,11529,USA,165
100172,P1009,"USB-C Hub",2,2024-05-14,45,11518,"UNITED KINGDOM",90
100172,P1005,"HD Webcam",2,2024-11-07,65,11051,"UNITED KINGDOM",130
100173,P1003,"Laptop Stand",1,2024-08-29,35,10471,USA,35
100173,P1005,"HD Webcam",4,2024-09-06,65,10805,NETHERLANDS,260
100173,P1005,"HD Webcam",4,2023-12-15,65,11480,FRANCE,260
100173,P1005,"HD Webcam",1,2024-08-08,65,10821,GERMANY,65
100174,P1007,"Gaming Mousepad",2,2023-07-10,18.75,11501,INDIA,37.5
100174,P1005,"HD Webcam",3,2023-01-01,65,11830,GERMANY,195
100174,P1007,"Gaming Mousepad",1,2024-09-20,18.75,11332,USA,18.75
100174,P1009,"USB-C Hub",4,2023-08-19,45,10675,SINGAPORE,180
100175,P1005,"HD Webcam",4,2024-05-29,65,11680,INDIA,260
100175,P1002,"USB Keyboard",1,2023-01-12,25.5,10701,NETHERLANDS,25.5
100176,P1005,"HD Webcam",2,2024-12-02,65,11779,GERMANY,130
100176,P1008,"External SSD 1TB",5,2023-01-26,140,11679,INDIA,700
100176,P1004,"Noise Cancelling Headphones",3,2024-08-26,120,10061,INDIA,360
100177,P1002,"USB Keyboard",5,2024-02-07,25.5,11569,UAE,127.5
100177,P1010,"Ergonomic Chair Cushion",3,2024-05-18,30,11642,NETHERLANDS,90
100177,P1003,"Laptop Stand",5,2024-09-01,35,11798,"UNITED KINGDOM",175
100178,P1009,"USB-C Hub",5,2024-10-23,45,11754,FRANCE,225
100179,P1009,"USB-C Hub",3,2023-10-11,45,11010,"UNITED KINGDOM",135
100179,P1008,"External SSD 1TB",3,2024-07-02,140,10390,INDIA,420
100179,P1008,"External SSD 1TB",4,2024-07-18,140,11456,NETHERLANDS,560
100180,P1008,"External SSD 1TB",2,2024-03-19,140,10351,NETHERLANDS,280
100181,P1008,"External SSD 1TB",2,2024-12-07,140,11359,FRANCE,280
100181,P1008,"External SSD 1TB",4,2023-09-05,140,11874,GERMANY,560
100181,P1001,"Wireless Mouse",5,2023-12-09,15.99,11049,INDIA,79.95
100182,P1006,"Bluetooth Speaker",3,2024-12-29,55,11984,INDIA,165
100182,P1009,"USB-C Hub",1,2024-05-08,45,10639,USA,45
100183,P1008,"External SSD 1TB",5,2024-04-14,140,10618,GERMANY,700
100183,P1003,"Laptop Stand",2,2024-07-02,35,10157,INDIA,70
100183,P1001,"Wireless Mouse",3,2023-06-24,15.99,10170,SINGAPORE,47.97
100184,P1002,"USB Keyboard",4,2024-10-14,25.5,10846,"UNITED KINGDOM",102
100185,P1002,"USB Keyboard",5,2024-04-14,25.5,11461,"UNITED KINGDOM",127.5
100186,P1007,"Gaming Mousepad",1,2023-12-09,18.75,11090,INDIA,18.75
100186,P1006,"Bluetooth Speaker",5,2024-06-29,55,11171,GERMANY,275
100187,P1002,"USB Keyboard",4,2023-12-05,25.5,11490,GERMANY,102
100187,P1008,"External SSD 1TB",1,2024-02-09,140,10538,UAE,140
100187,P1009,"USB-C Hub",5,2024-05-08,45,11280,"UNITED KINGDOM",225
100188,P1007,"Gaming Mousepad",4,2023-11-14,18.75,11964,FRANCE,75
100188,P1004,"Noise Cancelling Headphones",5,2024-03-21,120,11715,INDIA,600
100188,P1001,"Wireless Mouse",3,2023-01-25,15.99,11292,UAE,47.97
100189,P1004,"Noise Cancelling Headphones",5,2023-11-01,120,10318,SINGAPORE,600
100189,P1004,"Noise Cancelling Headphones",4,2024-06-13,120,10160,SINGAPORE,480
100190,P1008,"External SSD 1TB",2,2023-02-06,140,10574,GERMANY,280
100190,P1004,"Noise Cancelling Headphones",4,2023-01-27,120,10170,FRANCE,480
100190,P1004,"Noise Cancelling Headphones",5,2024-06-14,120,11175,INDIA,600
100191,P1002,"USB Keyboard",3,2023-02-07,25.5,11098,"UNITED KINGDOM",76.5
100191,P1010,"Ergonomic Chair Cushion",2,2024-11-21,30,10452,NETHERLANDS,60
100191,P1007,"Gaming Mousepad",4,2023-06-28,18.75,10127,SINGAPORE,75
100192,P1004,"Noise Cancelling Headphones",2,2024-03-20,120,10746,FRANCE,240
100193,P1006,"Bluetooth Speaker",3,2023-09-07,55,11150,UAE,165
100193,P1003,"Laptop Stand",1,2024-08-03,35,11647,FRANCE,35
100193,P1007,"Gaming Mousepad",2,2023-10-14,18.75,11759,"UNITED KINGDOM",37.5
100194,P1006,"Bluetooth Speaker",4,2023-08-27,55,10317,USA,220
100194,P1003,"Laptop Stand",3,2024-04-02,35,11250,FRANCE,105
100194,P1004,"Noise Cancelling Headphones",4,2023-07-18,120,10499,SINGAPORE,480
100195,P1010,"Ergonomic Chair Cushion",3,2024-09-06,30,10498,SINGAPORE,90
100195,P1005,"HD Webcam",4,2024-04-26,65,11618,USA,260
100196,P1009,"USB-C Hub",3,2023-01-16,45,10444,UAE,135
100196,P1006,"Bluetooth Speaker",5,2024-06-16,55,11984,SINGAPORE,275
100197,P1004,"Noise Cancelling Headphones",4,2024-07-09,120,11678,"UNITED KINGDOM",480
100197,P1007,"Gaming Mousepad",3,2023-07-29,18.75,10850,USA,56.25
100197,P1002,"USB Keyboard",1,2024-09-05,25.5,11923,SINGAPORE,25.5
100197,P1004,"Noise Cancelling Headphones",3,2023-08-17,120,10216,FRANCE,360
100198,P1005,"HD Webcam",1,2023-01-26,65,11069,USA,65
100199,P1004,"Noise Cancelling Headphones",2,2024-11-19,120,11251,NETHERLANDS,240
100199,P1004,"Noise Cancelling Headphones",3,2024-11-14,120,10903,SINGAPORE,360
100199,P1009,"USB-C Hub",2,2023-08-20,45,10044,SINGAPORE,90
100200,P1002,"USB Keyboard",2,2024-02-20,25.5,10112,GERMANY,51
100200,P1006,"Bluetooth Speaker",5,2024-02-27,55,11049,NETHERLANDS,275
100200,P1008,"External SSD 1TB",3,2023-06-19,140,10867,"UNITED KINGDOM",420
100201,P1008,"External SSD 1TB",5,2023-07-08,140,10017,INDIA,700
100201,P1007,"Gaming Mousepad",5,2024-06-23,18.75,10027,FRANCE,93.75
100201,P1010,"Ergonomic Chair Cushion",2,2023-02-18,30,10736,USA,60
100201,P1004,"Noise Cancelling Headphones",4,2023-03-05,120,10739,"UNITED KINGDOM",480
100202,P1007,"Gaming Mousepad",2,2023-09-14,18.75,10196,UAE,37.5
100202,P1010,"Ergonomic Chair Cushion",2,2024-07-01,30,10757,USA,60
100202,P1006,"Bluetooth Speaker",1,2023-01-23,55,10355,SINGAPORE,55
100203,P1006,"Bluetooth Speaker",4,2024-11-26,55,10946,GERMANY,220
100204,P1002,"USB Keyboard",2,2024-08-06,25.5,10539,GERMANY,51
100204,P1008,"External SSD 1TB",4,2023-07-07,140,10848,GERMANY,560
100204,P1008,"External SSD 1TB",1,2024-12-04,140,11613,UAE,140
100204,P1007,"Gaming Mousepad",4,2024-09-14,18.75,10184,FRANCE,75
100205,P1009,"USB-C Hub",3,2023-02-20,45,11308,GERMANY,135
100206,P1008,"External SSD 1TB",1,2023-01-07,140,10127,NETHERLANDS,140
100206,P1009,"USB-C Hub",4,2024-08-08,45,10820,UAE,180
100206,P1009,"USB-C Hub",5,2024-04-21,45,11614,INDIA,225
100206,P1006,"Bluetooth Speaker",4,2024-10-18,55,11986,FRANCE,220
100207,P1002,"USB Keyboard",1,2024-05-16,25.5,11410,INDIA,25.5
100207,P1007,"Gaming Mousepad",5,2023-11-28,18.75,10274,NETHERLANDS,93.75
100207,P1003,"Laptop Stand",4,2024-03-11,35,10822,UAE,140
100207,P1007,"Gaming Mousepad",4,2024-01-13,18.75,10992,UAE,75
100208,P1009,"USB-C Hub",1,2023-01-01,45,11507,INDIA,45
100208,P1010,"Ergonomic Chair Cushion",5,2024-02-01,30,10510,FRANCE,150
100209,P1010,"Ergonomic Chair Cushion",5,2024-01-15,30,11519,NETHERLANDS,150
100210,P1002,"USB Keyboard",4,2023-11-11,25.5,10793,SINGAPORE,102
100210,P1006,"Bluetooth Speaker",3,2024-09-30,55,11830,NETHERLANDS,165
100210,P1006,"Bluetooth Speaker",1,2024-08-27,55,11679,USA,55
100211,P1009,"USB-C Hub",1,2023-11-10,45,11663,GERMANY,45
100211,P1009,"USB-C Hub",2,2024-11-10,45,11522,NETHERLANDS,90
100211,P1005,"HD Webcam",5,2023-10-29,65,11116,GERMANY,325
100212,P1005,"HD Webcam",5,2023-12-22,65,10039,FRANCE,325
100213,P1009,"USB-C Hub",2,2023-12-23,45,11644,FRANCE,90
100213,P1008,"External SSD 1TB",4,2023-03-19,140,10090,NETHERLANDS,560
100213,P1007,"Gaming Mousepad",4,2023-06-01,18.75,10582,GERMANY,75
100214,P1008,"External SSD 1TB",1,2024-12-22,140,11405,SINGAPORE,140
100214,P1006,"Bluetooth Speaker",4,2023-06-29,55,10008,UAE,220
100214,P1003,"Laptop Stand",3,2024-08-11,35,10870,NETHERLANDS,105
100215,P1007,"Gaming Mousepad",3,2023-06-30,18.75,11068,"UNITED KINGDOM",56.25
100216,P1008,"External SSD 1TB",3,2024-10-13,140,10758,FRANCE,420
100216,P1008,"External SSD 1TB",2,2023-08-20,140,10505,GERMANY,280
100216,P1001,"Wireless Mouse",3,2023-10-14,15.99,11027,FRANCE,47.97
100216,P1007,"Gaming Mousepad",2,2024-06-27,18.75,11725,INDIA,37.5
100217,P1003,"Laptop Stand",1,2024-05-09,35,10868,UAE,35
100218,P1002,"USB Keyboard",1,2023-02-22,25.5,11633,UAE,25.5
100218,P1002,"USB Keyboard",3,2023-08-21,25.5,10326,UAE,76.5
100218,P1008,"External SSD 1TB",2,2023-04-08,140,11475,UAE,280
100218,P1009,"USB-C Hub",3,2024-10-10,45,11736,SINGAPORE,135
100219,P1003,"Laptop Stand",4,2023-07-17,35,10897,"UNITED KINGDOM",140
100219,P1003,"Laptop Stand",2,2023-02-16,35,10311,SINGAPORE,70
100219,P1006,"Bluetooth Speaker",2,2024-10-05,55,10381,NETHERLANDS,110
100220,P1010,"Ergonomic Chair Cushion",2,2023-04-17,30,11334,INDIA,60
100220,P1001,"Wireless Mouse",2,2024-08-13,15.99,10922,UAE,31.98
100220,P1006,"Bluetooth Speaker",4,2023-11-27,55,11405,INDIA,220
100221,P1003,"Laptop Stand",3,2024-09-22,35,10735,SINGAPORE,105
100221,P1004,"Noise Cancelling Headphones",1,2024-06-26,120,11555,"UNITED KINGDOM",120
100221,P1009,"USB-C Hub",5,2023-03-03,45,10312,USA,225
100222,P1003,"Laptop Stand",5,2023-10-21,35,11270,"UNITED KINGDOM",175
100222,P1001,"Wireless Mouse",2,2023-02-05,15.99,11236,INDIA,31.98
100223,P1003,"Laptop Stand",2,2023-11-04,35,11680,GERMANY,70
100223,P1007,"Gaming Mousepad",1,2024-08-08,18.75,10681,NETHERLANDS,18.75
100223,P1007,"Gaming Mousepad",5,2024-08-28,18.75,10426,GERMANY,93.75
100223,P1005,"HD Webcam",2,2023-12-28,65,11458,SINGAPORE,130
100224,P1001,"Wireless Mouse",4,2023-05-23,15.99,11535,USA,63.96
100224,P1008,"External SSD 1TB",5,2023-09-14,140,11164,GERMANY,700
100225,P1010,"Ergonomic Chair Cushion",4,2024-11-23,30,10535,USA,120
100225,P1008,"External SSD 1TB",1,2023-04-26,140,11221,GERMANY,140
100226,P1010,"Ergonomic Chair Cushion",1,2024-08-03,30,11881,INDIA,30
100227,P1010,"Ergonomic Chair Cushion",5,2023-11-12,30,11659,GERMANY,150
100227,P1010,"Ergonomic Chair Cushion",3,2024-06-19,30,11823,GERMANY,90
100228,P1002,"USB Keyboard",5,2023-06-08,25.5,10566,USA,127.5
100229,P1010,"Ergonomic Chair Cushion",4,2024-02-15,30,10193,INDIA,120
100230,P1003,"Laptop Stand",3,2024-06-14,35,11156,INDIA,105
100230,P1004,"Noise Cancelling Headphones",4,2023-08-17,120,10772,UAE,480
100231,P1001,"Wireless Mouse",4,2023-01-12,15.99,11741,NETHERLANDS,63.96
100231,P1004,"Noise Cancelling Headphones",4,2023-12-09,120,11541,UAE,480
100231,P1005,"HD Webcam",2,2024-08-16,65,10083,FRANCE,130
100231,P1003,"Laptop Stand",3,2023-01-21,35,11825,FRANCE,105
100232,P1010,"Ergonomic Chair Cushion",2,2023-05-02,30,10400,USA,60
100232,P1002,"USB Keyboard",2,2023-01-19,25.5,11154,"UNITED KINGDOM",51
100232,P1006,"Bluetooth Speaker",4,2023-01-17,55,11206,NETHERLANDS,220
100232,P1008,"External SSD 1TB",1,2023-03-14,140,10544,NETHERLANDS,140
100233,P1007,"Gaming Mousepad",5,2024-07-19,18.75,10840,UAE,93.75
100233,P1001,"Wireless Mouse",1,2023-07-09,15.99,11861,UAE,15.99
100233,P1004,"Noise Cancelling Headphones",4,2024-10-07,120,10136,"UNITED KINGDOM",480
100233,P1003,"Laptop Stand",5,2024-10-19,35,10977,FRANCE,175
100234,P1006,"Bluetooth Speaker",5,2024-09-27,55,11895,NETHERLANDS,275
100234,P1009,"USB-C Hub",4,2024-08-20,45,10903,INDIA,180
100234,P1009,"USB-C Hub",2,2024-11-25,45,11360,SINGAPORE,90
100234,P1007,"Gaming Mousepad",5,2024-04-10,18.75,10630,FRANCE,93.75
100235,P1009,"USB-C Hub",5,2023-10-04,45,11816,INDIA,225
100235,P1008,"External SSD 1TB",5,2023-10-03,140,11368,SINGAPORE,700
100235,P1005,"HD Webcam",5,2023-07-12,65,11652,NETHERLANDS,325
100235,P1009,"USB-C Hub",3,2023-06-07,45,10904,INDIA,135
100236,P1007,"Gaming Mousepad",2,2023-05-30,18.75,10314,"UNITED KINGDOM",37.5
100236,P1005,"HD Webcam",3,2023-11-05,65,10328,FRANCE,195
100237,P1008,"External SSD 1TB",3,2024-08-27,140,10707,NETHERLANDS,420
100237,P1007,"Gaming Mousepad",4,2023-08-20,18.75,10462,"UNITED KINGDOM",75
100238,P1009,"USB-C Hub",2,2023-09-19,45,11993,"UNITED KINGDOM",90
100238,P1010,"Ergonomic Chair Cushion",1,2024-12-26,30,10014,NETHERLANDS,30
100238,P1001,"Wireless Mouse",2,2023-10-21,15.99,10528,INDIA,31.98
100239,P1009,"USB-C Hub",1,2023-11-18,45,10037,USA,45
100239,P1007,"Gaming Mousepad",5,2024-04-29,18.75,10356,"UNITED KINGDOM",93.75
100239,P1001,"Wireless Mouse",1,2023-05-15,15.99,11922,FRANCE,15.99
100239,P1001,"Wireless Mouse",1,2023-04-06,15.99,11170,UAE,15.99
100240,P1005,"HD Webcam",1,2023-02-01,65,10700,"UNITED KINGDOM",65
100240,P1008,"External SSD 1TB",5,2024-08-06,140,10660,"UNITED KINGDOM",700
100241,P1009,"USB-C Hub",5,2024-02-19,45,11205,INDIA,225
100241,P1006,"Bluetooth Speaker",3,2024-11-07,55,10510,SINGAPORE,165
100241,P1010,"Ergonomic Chair Cushion",1,2023-11-06,30,11077,UAE,30
100242,P1008,"External SSD 1TB",2,2024-02-08,140,10230,UAE,280
100242,P1006,"Bluetooth Speaker",4,2024-03-30,55,11152,SINGAPORE,220
100242,P1006,"Bluetooth Speaker",3,2024-06-17,55,11495,FRANCE,165
100242,P1004,"Noise Cancelling Headphones",1,2024-03-29,120,10017,FRANCE,120
100243,P1005,"HD Webcam",3,2023-03-17,65,11439,FRANCE,195
100244,P1002,"USB Keyboard",1,2024-01-07,25.5,11263,FRANCE,25.5
100244,P1003,"Laptop Stand",1,2023-02-23,35,11729,SINGAPORE,35
100244,P1003,"Laptop Stand",3,2024-11-12,35,11087,USA,105
100245,P1005,"HD Webcam",1,2024-11-16,65,10232,SINGAPORE,65
100245,P1005,"HD Webcam",1,2023-09-06,65,11602,"UNITED KINGDOM",65
100246,P1006,"Bluetooth Speaker",4,2023-10-11,55,10059,FRANCE,220
100247,P1005,"HD Webcam",2,2024-08-24,65,10006,SINGAPORE,130
100248,P1006,"Bluetooth Speaker",5,2023-09-09,55,11685,NETHERLANDS,275
100249,P1008,"External SSD 1TB",4,2024-04-01,140,10677,GERMANY,560
100249,P1002,"USB Keyboard",5,2024-07-14,25.5,10327,GERMANY,127.5
100249,P1004,"Noise Cancelling Headphones",5,2024-02-15,120,10098,NETHERLANDS,600
100250,P1006,"Bluetooth Speaker",2,2023-06-16,55,10323,"UNITED KINGDOM",110
100250,P1005,"HD Webcam",4,2024-08-26,65,11514,NETHERLANDS,260
100251,P1001,"Wireless Mouse",1,2024-09-19,15.99,10106,INDIA,15.99
100252,P1009,"USB-C Hub",2,2024-07-21,45,10532,UAE,90
100252,P1003,"Laptop Stand",1,2023-08-12,35,10420,USA,35
100252,P1002,"USB Keyboard",1,2024-02-25,25.5,11013,USA,25.5
100252,P1009,"USB-C Hub",1,2023-06-01,45,10718,"UNITED KINGDOM",45
100253,P1007,"Gaming Mousepad",1,2023-10-07,18.75,11708,INDIA,18.75
100254,P1005,"HD Webcam",4,2024-06-25,65,10057,GERMANY,260
100255,P1006,"Bluetooth Speaker",5,2023-06-04,55,10425,FRANCE,275
100255,P1004,"Noise Cancelling Headphones",5,2024-10-31,120,11198,UAE,600
100255,P1001,"Wireless Mouse",4,2023-04-19,15.99,10324,SINGAPORE,63.96
100256,P1004,"Noise Cancelling Headphones",5,2024-03-26,120,10800,USA,600
100256,P1009,"USB-C Hub",2,2023-05-14,45,11851,USA,90
100256,P1001,"Wireless Mouse",1,2024-06-02,15.99,10899,INDIA,15.99
100257,P1010,"Ergonomic Chair Cushion",1,2024-01-10,30,10580,GERMANY,30
100257,P1003,"Laptop Stand",1,2023-12-07,35,11388,INDIA,35
100258,P1005,"HD Webcam",3,2024-03-30,65,10564,"UNITED KINGDOM",195
100258,P1007,"Gaming Mousepad",2,2023-09-15,18.75,11090,"UNITED KINGDOM",37.5
100258,P1009,"USB-C Hub",3,2024-04-01,45,11019,FRANCE,135
100258,P1006,"Bluetooth Speaker",4,2023-07-14,55,11718,"UNITED KINGDOM",220
100259,P1003,"Laptop Stand",3,2023-05-23,35,11364,"UNITED KINGDOM",105
100259,P1007,"Gaming Mousepad",5,2023-02-04,18.75,11093,USA,93.75
100259,P1004,"Noise Cancelling Headphones",5,2023-08-01,120,11610,INDIA,600
100260,P1003,"Laptop Stand",2,2023-05-23,35,10984,GERMANY,70
100261,P1007,"Gaming Mousepad",3,2024-06-07,18.75,10519,INDIA,56.25
100261,P1007,"Gaming Mousepad",3,2024-11-03,18.75,10948,INDIA,56.25
100262,P1004,"Noise Cancelling Headphones",1,2024-12-10,120,11371,FRANCE,120
100263,P1007,"Gaming Mousepad",2,2024-11-12,18.75,10499,INDIA,37.5
100264,P1002,"USB Keyboard",1,2024-11-03,25.5,11472,"UNITED KINGDOM",25.5
100264,P1001,"Wireless Mouse",2,2023-01-13,15.99,11460,USA,31.98
100264,P1002,"USB Keyboard",2,2024-01-17,25.5,11139,SINGAPORE,51
100265,P1004,"Noise Cancelling Headphones",3,2024-12-06,120,11049,USA,360
100265,P1008,"External SSD 1TB",1,2024-06-13,140,10607,"UNITED KINGDOM",140
100266,P1003,"Laptop Stand",4,2024-09-17,35,11603,"UNITED KINGDOM",140
100266,P1010,"Ergonomic Chair Cushion",1,2024-12-21,30,10151,SINGAPORE,30
100266,P1006,"Bluetooth Speaker",4,2023-12-20,55,11130,GERMANY,220
100266,P1006,"Bluetooth Speaker",5,2023-11-08,55,11505,USA,275
100267,P1009,"USB-C Hub",2,2024-04-21,45,11582,FRANCE,90
100267,P1009,"USB-C Hub",1,2024-12-19,45,11047,"UNITED KINGDOM",45
100267,P1004,"Noise Cancelling Headphones",2,2024-08-29,120,11070,FRANCE,240
100267,P1009,"USB-C Hub",1,2024-03-04,45,11950,SINGAPORE,45
100268,P1006,"Bluetooth Speaker",5,2023-01-30,55,11337,NETHERLANDS,275
100268,P1002,"USB Keyboard",1,2024-10-27,25.5,10072,"UNITED KINGDOM",25.5
100268,P1010,"Ergonomic Chair Cushion",5,2024-10-21,30,11200,USA,150
100269,P1006,"Bluetooth Speaker",2,2024-03-15,55,10313,UAE,110
100269,P1002,"USB Keyboard",3,2023-01-24,25.5,10690,"UNITED KINGDOM",76.5
100269,P1008,"External SSD 1TB",4,2023-03-01,140,11038,INDIA,560
100270,P1004,"Noise Cancelling Headphones",2,2024-03-07,120,10668,USA,240
100270,P1005,"HD Webcam",3,2024-06-11,65,10841,NETHERLANDS,195
100271,P1008,"External SSD 1TB",2,2024-07-23,140,10752,SINGAPORE,280
100271,P1008,"External SSD 1TB",2,2023-03-09,140,10204,"UNITED KINGDOM",280
100271,P1006,"Bluetooth Speaker",1,2023-03-08,55,11473,SINGAPORE,55
100271,P1004,"Noise Cancelling Headphones",5,2024-09-28,120,10845,SINGAPORE,600
100272,P1001,"Wireless Mouse",5,2023-07-14,15.99,10756,NETHERLANDS,79.95
100272,P1007,"Gaming Mousepad",1,2023-10-21,18.75,11259,FRANCE,18.75
100272,P1008,"External SSD 1TB",1,2023-11-17,140,11192,SINGAPORE,140
100272,P1009,"USB-C Hub",2,2023-09-25,45,10335,USA,90
100273,P1002,"USB Keyboard",5,2023-07-30,25.5,10826,FRANCE,127.5
100273,P1001,"Wireless Mouse",2,2023-08-30,15.99,10579,SINGAPORE,31.98
100273,P1004,"Noise Cancelling Headphones",3,2023-07-16,120,11237,USA,360
100273,P1005,"HD Webcam",3,2023-02-12,65,11821,"UNITED KINGDOM",195
100274,P1010,"Ergonomic Chair Cushion",1,2024-02-27,30,11492,SINGAPORE,30
100275,P1001,"Wireless Mouse",5,2024-04-02,15.99,11526,UAE,79.95
100275,P1005,"HD Webcam",3,2023-05-18,65,10359,UAE,195
100275,P1006,"Bluetooth Speaker",5,2023-08-17,55,10519,USA,275
100275,P1003,"Laptop Stand",5,2023-10-19,35,10099,INDIA,175
100276,P1007,"Gaming Mousepad",4,2024-01-05,18.75,11597,USA,75
100277,P1006,"Bluetooth Speaker",3,2023-08-15,55,10014,UAE,165
100277,P1004,"Noise Cancelling Headphones",3,2023-12-11,120,10969,GERMANY,360
100278,P1003,"Laptop Stand",2,2024-11-19,35,11341,UAE,70
100279,P1005,"HD Webcam",2,2024-09-30,65,11841,INDIA,130
100279,P1003,"Laptop Stand",5,2024-01-14,35,10241,USA,175
100280,P1010,"Ergonomic Chair Cushion",1,2023-12-22,30,11247,USA,30
100280,P1009,"USB-C Hub",2,2023-07-30,45,11103,SINGAPORE,90
100280,P1009,"USB-C Hub",2,2024-01-28,45,11646,USA,90
100280,P1006,"Bluetooth Speaker",5,2024-04-17,55,11870,GERMANY,275
100281,P1006,"Bluetooth Speaker",3,2023-05-31,55,11318,UAE,165
100281,P1004,"Noise Cancelling Headphones",2,2024-05-20,120,10614,"UNITED KINGDOM",240
100281,P1004,"Noise Cancelling Headphones",1,2024-07-07,120,11792,USA,120
100281,P1002,"USB Keyboard",5,2024-06-06,25.5,10386,USA,127.5
100282,P1010,"Ergonomic Chair Cushion",3,2023-12-21,30,10052,USA,90
100282,P1004,"Noise Cancelling Headphones",4,2024-02-22,120,11808,"UNITED KINGDOM",480
100283,P1008,"External SSD 1TB",1,2024-07-10,140,10438,USA,140
100283,P1010,"Ergonomic Chair Cushion",3,2024-12-19,30,10125,"UNITED KINGDOM",90
100283,P1002,"USB Keyboard",5,2023-09-24,25.5,10395,"UNITED KINGDOM",127.5
100284,P1009,"USB-C Hub",4,2024-08-17,45,11904,"UNITED KINGDOM",180
100284,P1001,"Wireless Mouse",1,2024-11-27,15.99,10610,INDIA,15.99
100285,P1002,"USB Keyboard",2,2024-02-26,25.5,10118,FRANCE,51
100285,P1002,"USB Keyboard",2,2024-02-02,25.5,11793,SINGAPORE,51
100285,P1006,"Bluetooth Speaker",1,2023-07-18,55,10290,INDIA,55
100286,P1007,"Gaming Mousepad",2,2024-11-02,18.75,11738,FRANCE,37.5
100287,P1003,"Laptop Stand",5,2024-11-26,35,11690,"UNITED KINGDOM",175
100288,P1009,"USB-C Hub",1,2023-03-02,45,11721,NETHERLANDS,45
100289,P1005,"HD Webcam",1,2024-04-14,65,10402,GERMANY,65
100289,P1005,"HD Webcam",2,2023-08-13,65,10147,GERMANY,130
100289,P1004,"Noise Cancelling Headphones",1,2023-05-20,120,11098,INDIA,120
100289,P1009,"USB-C Hub",4,2023-10-05,45,11013,SINGAPORE,180
100290,P1008,"External SSD 1TB",1,2023-05-04,140,10667,USA,140
100291,P1004,"Noise Cancelling Headphones",2,2023-03-11,120,10144,FRANCE,240
100291,P1004,"Noise Cancelling Headphones",2,2024-08-29,120,11163,FRANCE,240
100291,P1002,"USB Keyboard",2,2024-05-07,25.5,10452,FRANCE,51
100292,P1009,"USB-C Hub",2,2024-12-24,45,10934,FRANCE,90
100293,P1003,"Laptop Stand",5,2024-08-14,35,11782,SINGAPORE,175
100293,P1004,"Noise Cancelling Headphones",2,2023-05-19,120,11433,"UNITED KINGDOM",240
100294,P1007,"Gaming Mousepad",4,2023-08-17,18.75,11238,NETHERLANDS,75
100294,P1010,"Ergonomic Chair Cushion",1,2024-03-14,30,11895,GERMANY,30
100295,P1008,"External SSD 1TB",3,2023-08-17,140,10203,GERMANY,420
100295,P1008,"External SSD 1TB",3,2023-04-02,140,11857,INDIA,420
100295,P1004,"Noise Cancelling Headphones",5,2023-07-10,120,10198,NETHERLANDS,600
100295,P1007,"Gaming Mousepad",3,2023-01-06,18.75,10907,USA,56.25
100296,P1010,"Ergonomic Chair Cushion",2,2024-01-20,30,10490,NETHERLANDS,60
100296,P1001,"Wireless Mouse",3,2023-02-06,15.99,11482,INDIA,47.97
100297,P1006,"Bluetooth Speaker",4,2024-04-25,55,11047,SINGAPORE,220
100297,P1006,"Bluetooth Speaker",2,2024-02-06,55,10596,SINGAPORE,110
100297,P1006,"Bluetooth Speaker",3,2023-04-12,55,11227,UAE,165
100298,P1002,"USB Keyboard",2,2023-04-03,25.5,10959,USA,51
100299,P1008,"External SSD 1TB",5,2024-05-01,140,10044,NETHERLANDS,700
100299,P1005,"HD Webcam",4,2024-01-21,65,10667,USA,260
100299,P1005,"HD Webcam",1,2024-12-05,65,10737,INDIA,65
100299,P1002,"USB Keyboard",2,2024-05-25,25.5,10036,FRANCE,51
100300,P1004,"Noise Cancelling Headphones",4,2024-10-28,120,11728,INDIA,480
100301,P1009,"USB-C Hub",5,2023-09-28,45,10709,SINGAPORE,225
100302,P1009,"USB-C Hub",5,2024-01-30,45,11407,SINGAPORE,225
100302,P1006,"Bluetooth Speaker",4,2023-01-05,55,10374,USA,220
100302,P1009,"USB-C Hub",3,2023-12-05,45,10899,NETHERLANDS,135
100303,P1004,"Noise Cancelling Headphones",4,2024-04-19,120,10103,USA,480
100303,P1001,"Wireless Mouse",3,2023-04-20,15.99,11081,NETHERLANDS,47.97
100304,P1002,"USB Keyboard",3,2024-01-12,25.5,11961,SINGAPORE,76.5
100304,P1001,"Wireless Mouse",4,2024-07-30,15.99,10829,FRANCE,63.96
100305,P1008,"External SSD 1TB",5,2023-04-21,140,10268,GERMANY,700
100306,P1009,"USB-C Hub",1,2023-02-10,45,11938,SINGAPORE,45
100306,P1010,"Ergonomic Chair Cushion",1,2023-12-19,30,11364,GERMANY,30
100306,P1006,"Bluetooth Speaker",4,2024-08-29,55,10316,NETHERLANDS,220
100306,P1002,"USB Keyboard",2,2024-09-06,25.5,10737,"UNITED KINGDOM",51
100307,P1006,"Bluetooth Speaker",4,2024-05-26,55,10984,GERMANY,220
100307,P1009,"USB-C Hub",1,2024-01-09,45,11148,GERMANY,45
100308,P1003,"Laptop Stand",4,2024-10-01,35,10470,"UNITED KINGDOM",140
100308,P1009,"USB-C Hub",5,2024-12-01,45,11494,UAE,225
100308,P1002,"USB Keyboard",1,2023-02-10,25.5,10517,SINGAPORE,25.5
100308,P1005,"HD Webcam",1,2023-03-01,65,10529,USA,65
100309,P1002,"USB Keyboard",1,2023-03-05,25.5,11922,NETHERLANDS,25.5
100309,P1007,"Gaming Mousepad",5,2024-05-05,18.75,10295,SINGAPORE,93.75
100310,P1010,"Ergonomic Chair Cushion",1,2024-04-23,30,10545,GERMANY,30
100310,P1009,"USB-C Hub",2,2024-10-30,45,11733,USA,90
100310,P1007,"Gaming Mousepad",1,2023-12-24,18.75,11569,SINGAPORE,18.75
100310,P1005,"HD Webcam",4,2024-05-15,65,11580,FRANCE,260
100311,P1004,"Noise Cancelling Headphones",2,2023-04-19,120,11857,SINGAPORE,240
100311,P1004,"Noise Cancelling Headphones",3,2023-07-14,120,10462,"UNITED KINGDOM",360
100311,P1010,"Ergonomic Chair Cushion",1,2023-10-26,30,11118,FRANCE,30
100312,P1008,"External SSD 1TB",3,2024-05-28,140,11888,USA,420
100312,P1010,"Ergonomic Chair Cushion",3,2024-06-04,30,11834,USA,90
100312,P1010,"Ergonomic Chair Cushion",5,2024-12-01,30,11917,"UNITED KINGDOM",150
100312,P1010,"Ergonomic Chair Cushion",4,2023-08-19,30,11075,GERMANY,120
100313,P1010,"Ergonomic Chair Cushion",4,2024-04-06,30,11537,USA,120
100313,P1010,"Ergonomic Chair Cushion",3,2024-07-13,30,11543,UAE,90
100313,P1001,"Wireless Mouse",5,2023-07-31,15.99,11155,UAE,79.95
100314,P1005,"HD Webcam",2,2024-06-09,65,11728,UAE,130
100314,P1002,"USB Keyboard",1,2024-01-10,25.5,11279,INDIA,25.5
100314,P1009,"USB-C Hub",2,2023-03-27,45,11661,NETHERLANDS,90
100315,P1007,"Gaming Mousepad",1,2023-10-10,18.75,11594,NETHERLANDS,18.75
100315,P1010,"Ergonomic Chair Cushion",3,2023-07-26,30,10576,GERMANY,90
100315,P1008,"External SSD 1TB",5,2023-10-09,140,11663,SINGAPORE,700
100315,P1006,"Bluetooth Speaker",5,2023-09-28,55,11518,INDIA,275
100316,P1009,"USB-C Hub",4,2023-12-17,45,11564,"UNITED KINGDOM",180
100316,P1006,"Bluetooth Speaker",4,2024-02-02,55,11067,"UNITED KINGDOM",220
100316,P1007,"Gaming Mousepad",2,2023-11-02,18.75,11317,USA,37.5
100317,P1007,"Gaming Mousepad",4,2023-02-01,18.75,10728,FRANCE,75
100318,P1009,"USB-C Hub",1,2024-09-26,45,11169,NETHERLANDS,45
100318,P1008,"External SSD 1TB",5,2023-11-30,140,10459,FRANCE,700
100318,P1001,"Wireless Mouse",5,2024-09-01,15.99,10650,INDIA,79.95
100319,P1004,"Noise Cancelling Headphones",3,2023-10-20,120,10004,GERMANY,360
100319,P1007,"Gaming Mousepad",3,2024-02-24,18.75,10956,"UNITED KINGDOM",56.25
100320,P1008,"External SSD 1TB",2,2023-12-08,140,10646,"UNITED KINGDOM",280
100320,P1007,"Gaming Mousepad",3,2024-05-15,18.75,10442,INDIA,56.25
100320,P1003,"Laptop Stand",1,2024-09-11,35,11972,"UNITED KINGDOM",35
100320,P1004,"Noise Cancelling Headphones",4,2024-05-27,120,10292,USA,480
100321,P1007,"Gaming Mousepad",4,2023-09-11,18.75,10444,GERMANY,75
100322,P1008,"External SSD 1TB",2,2023-05-07,140,11954,SINGAPORE,280
100322,P1007,"Gaming Mousepad",4,2023-08-16,18.75,10500,USA,75
100322,P1006,"Bluetooth Speaker",5,2023-11-02,55,10160,INDIA,275
100322,P1009,"USB-C Hub",4,2024-07-23,45,11224,NETHERLANDS,180
100323,P1009,"USB-C Hub",3,2023-07-28,45,11936,FRANCE,135
100323,P1007,"Gaming Mousepad",5,2023-09-10,18.75,11851,NETHERLANDS,93.75
100324,P1008,"External SSD 1TB",3,2024-10-16,140,10238,"UNITED KINGDOM",420
100324,P1006,"Bluetooth Speaker",3,2023-11-11,55,11966,UAE,165
100325,P1001,"Wireless Mouse",2,2024-08-25,15.99,11474,FRANCE,31.98
100325,P1001,"Wireless Mouse",2,2023-09-13,15.99,10999,"UNITED KINGDOM",31.98
100326,P1006,"Bluetooth Speaker",5,2023-05-01,55,10144,USA,275
100326,P1002,"USB Keyboard",4,2023-08-27,25.5,11126,NETHERLANDS,102
100326,P1008,"External SSD 1TB",1,2024-12-21,140,10332,SINGAPORE,140
100327,P1001,"Wireless Mouse",4,2024-10-03,15.99,11026,NETHERLANDS,63.96
100327,P1002,"USB Keyboard",5,2024-08-23,25.5,10164,INDIA,127.5
100327,P1008,"External SSD 1TB",1,2023-11-24,140,10173,"UNITED KINGDOM",140
100328,P1006,"Bluetooth Speaker",3,2023-09-23,55,10965,FRANCE,165
100328,P1010,"Ergonomic Chair Cushion",3,2023-06-05,30,10673,INDIA,90
100328,P1002,"USB Keyboard",1,2023-05-02,25.5,10866,INDIA,25.5
100328,P1002,"USB Keyboard",3,2024-11-28,25.5,10550,SINGAPORE,76.5
100329,P1007,"Gaming Mousepad",4,2024-01-05,18.75,11997,SINGAPORE,75
100329,P1005,"HD Webcam",2,2024-05-02,65,11525,NETHERLANDS,130
100329,P1005,"HD Webcam",4,2023-09-07,65,11291,GERMANY,260
100329,P1008,"External SSD 1TB",3,2023-03-21,140,10923,"UNITED KINGDOM",420
100330,P1007,"Gaming Mousepad",2,2024-12-21,18.75,10422,NETHERLANDS,37.5
100331,P1009,"USB-C Hub",4,2023-04-24,45,10705,"UNITED KINGDOM",180
100332,P1004,"Noise Cancelling Headphones",3,2023-02-21,120,10166,UAE,360
100332,P1010,"Ergonomic Chair Cushion",4,2024-07-30,30,10624,GERMANY,120
100332,P1004,"Noise Cancelling Headphones",3,2024-08-20,120,11957,USA,360
100332,P1002,"USB Keyboard",5,2023-07-15,25.5,10216,UAE,127.5
100333,P1003,"Laptop Stand",1,2023-07-07,35,10602,NETHERLANDS,35
100333,P1001,"Wireless Mouse",3,2024-06-22,15.99,10380,GERMANY,47.97
100333,P1001,"Wireless Mouse",4,2023-04-12,15.99,11335,SINGAPORE,63.96
100334,P1007,"Gaming Mousepad",3,2024-10-22,18.75,11914,GERMANY,56.25
100334,P1005,"HD Webcam",3,2023-03-16,65,10801,UAE,195
100335,P1003,"Laptop Stand",4,2024-06-26,35,11279,USA,140
100335,P1007,"Gaming Mousepad",4,2024-03-27,18.75,10248,NETHERLANDS,75
100335,P1002,"USB Keyboard",2,2023-12-09,25.5,10411,NETHERLANDS,51
100335,P1003,"Laptop Stand",3,2023-02-13,35,10490,GERMANY,105
100336,P1001,"Wireless Mouse",5,2024-05-14,15.99,11513,"UNITED KINGDOM",79.95
100337,P1008,"External SSD 1TB",1,2024-05-14,140,10061,FRANCE,140
100337,P1002,"USB Keyboard",3,2024-06-19,25.5,10557,SINGAPORE,76.5
100337,P1007,"Gaming Mousepad",4,2023-09-24,18.75,11434,NETHERLANDS,75
100338,P1009,"USB-C Hub",2,2023-02-06,45,11096,INDIA,90
100338,P1006,"Bluetooth Speaker",3,2024-01-31,55,10860,GERMANY,165
100338,P1002,"USB Keyboard",5,2023-07-09,25.5,11991,FRANCE,127.5
100338,P1002,"USB Keyboard",4,2024-07-18,25.5,11525,FRANCE,102
100339,P1009,"USB-C Hub",5,2024-05-03,45,10819,FRANCE,225
100339,P1010,"Ergonomic Chair Cushion",5,2023-01-10,30,10870,SINGAPORE,150
100339,P1008,"External SSD 1TB",1,2024-03-13,140,11921,USA,140
100339,P1009,"USB-C Hub",1,2024-09-03,45,11015,GERMANY,45
100340,P1004,"Noise Cancelling Headphones",3,2023-05-23,120,11616,FRANCE,360
100340,P1004,"Noise Cancelling Headphones",1,2024-08-05,120,11254,USA,120
100340,P1002,"USB Keyboard",3,2024-06-27,25.5,10741,FRANCE,76.5
100341,P1010,"Ergonomic Chair Cushion",3,2023-02-09,30,11315,UAE,90
100341,P1001,"Wireless Mouse",4,2024-03-30,15.99,11997,NETHERLANDS,63.96
100341,P1010,"Ergonomic Chair Cushion",4,2024-10-07,30,10150,FRANCE,120
100341,P1004,"Noise Cancelling Headphones",2,2024-08-28,120,11792,FRANCE,240
100342,P1010,"Ergonomic Chair Cushion",1,2023-08-24,30,10320,"UNITED KINGDOM",30
100342,P1010,"Ergonomic Chair Cushion",2,2024-12-02,30,10834,SINGAPORE,60
100342,P1008,"External SSD 1TB",5,2024-04-07,140,11110,"UNITED KINGDOM",700
100343,P1002,"USB Keyboard",3,2024-09-01,25.5,10667,NETHERLANDS,76.5
100343,P1008,"External SSD 1TB",3,2024-11-18,140,11743,GERMANY,420
100344,P1001,"Wireless Mouse",4,2024-04-29,15.99,11372,FRANCE,63.96
100344,P1001,"Wireless Mouse",5,2023-11-22,15.99,10224,NETHERLANDS,79.95
100344,P1004,"Noise Cancelling Headphones",3,2024-06-22,120,10415,INDIA,360
100345,P1007,"Gaming Mousepad",3,2023-05-04,18.75,10374,INDIA,56.25
100345,P1009,"USB-C Hub",5,2023-11-02,45,11262,NETHERLANDS,225
100345,P1005,"HD Webcam",5,2024-08-02,65,11558,"UNITED KINGDOM",325
100346,P1002,"USB Keyboard",3,2023-05-23,25.5,11198,GERMANY,76.5
100346,P1007,"Gaming Mousepad",5,2024-12-20,18.75,10686,UAE,93.75
100346,P1002,"USB Keyboard",1,2024-12-19,25.5,10252,INDIA,25.5
100347,P1009,"USB-C Hub",5,2023-03-26,45,11581,USA,225
100347,P1009,"USB-C Hub",2,2024-08-21,45,11652,"UNITED KINGDOM",90
100347,P1003,"Laptop Stand",2,2024-06-20,35,11696,"UNITED KINGDOM",70
100347,P1008,"External SSD 1TB",3,2023-01-09,140,10886,INDIA,420
100348,P1004,"Noise Cancelling Headphones",3,2024-06-27,120,11274,SINGAPORE,360
100348,P1003,"Laptop Stand",4,2024-05-19,35,11913,FRANCE,140
100348,P1001,"Wireless Mouse",5,2024-09-19,15.99,10510,SINGAPORE,79.95
100348,P1005,"HD Webcam",2,2024-07-28,65,11961,UAE,130
100349,P1004,"Noise Cancelling Headphones",4,2023-12-31,120,10736,UAE,480
100349,P1001,"Wireless Mouse",3,2023-11-21,15.99,11829,NETHERLANDS,47.97
100349,P1010,"Ergonomic Chair Cushion",1,2023-12-15,30,10962,UAE,30
100350,P1008,"External SSD 1TB",5,2023-03-05,140,10161,INDIA,700
100350,P1008,"External SSD 1TB",4,2023-09-14,140,11200,UAE,560
100350,P1008,"External SSD 1TB",1,2024-12-11,140,11435,GERMANY,140
100350,P1003,"Laptop Stand",3,2023-03-11,35,11415,"UNITED KINGDOM",105
100351,P1006,"Bluetooth Speaker",2,2023-12-05,55,11968,USA,110
100352,P1007,"Gaming Mousepad",4,2023-10-23,18.75,10712,NETHERLANDS,75
100353,P1009,"USB-C Hub",4,2024-06-09,45,10900,"UNITED KINGDOM",180
100353,P1005,"HD Webcam",3,2024-06-01,65,11694,INDIA,195
100353,P1009,"USB-C Hub",3,2023-07-06,45,10564,INDIA,135
100353,P1006,"Bluetooth Speaker",2,2024-06-04,55,10290,SINGAPORE,110
100354,P1010,"Ergonomic Chair Cushion",2,2023-09-04,30,11465,INDIA,60
100354,P1010,"Ergonomic Chair Cushion",2,2024-12-12,30,11890,GERMANY,60
100354,P1010,"Ergonomic Chair Cushion",1,2024-05-22,30,11924,NETHERLANDS,30
100354,P1004,"Noise Cancelling Headphones",1,2023-04-15,120,11022,INDIA,120
100355,P1001,"Wireless Mouse",3,2024-04-14,15.99,11440,SINGAPORE,47.97
100355,P1001,"Wireless Mouse",4,2023-07-19,15.99,10524,"UNITED KINGDOM",63.96
100355,P1010,"Ergonomic Chair Cushion",1,2023-12-30,30,11688,UAE,30
100356,P1005,"HD Webcam",3,2024-03-21,65,11022,GERMANY,195
100356,P1003,"Laptop Stand",1,2023-10-17,35,10618,SINGAPORE,35
100357,P1005,"HD Webcam",2,2024-09-16,65,10535,UAE,130
100357,P1005,"HD Webcam",3,2024-01-28,65,10502,GERMANY,195
100357,P1001,"Wireless Mouse",2,2024-09-30,15.99,11546,SINGAPORE,31.98
100357,P1008,"External SSD 1TB",5,2024-08-11,140,11266,FRANCE,700
100358,P1005,"HD Webcam",4,2024-03-01,65,11362,INDIA,260
100359,P1005,"HD Webcam",2,2024-05-13,65,10522,SINGAPORE,130
100359,P1009,"USB-C Hub",4,2024-04-27,45,10864,SINGAPORE,180
100359,P1008,"External SSD 1TB",3,2024-12-12,140,11309,SINGAPORE,420
100360,P1001,"Wireless Mouse",5,2023-12-15,15.99,11165,GERMANY,79.95
100360,P1003,"Laptop Stand",4,2023-07-21,35,10064,GERMANY,140
100360,P1007,"Gaming Mousepad",1,2024-09-26,18.75,11118,NETHERLANDS,18.75
100360,P1001,"Wireless Mouse",3,2024-03-29,15.99,11858,NETHERLANDS,47.97
100361,P1001,"Wireless Mouse",5,2023-10-12,15.99,11642,INDIA,79.95
100362,P1005,"HD Webcam",1,2023-10-21,65,10152,SINGAPORE,65
100363,P1009,"USB-C Hub",1,2023-01-05,45,11432,"UNITED KINGDOM",45
100363,P1006,"Bluetooth Speaker",5,2023-09-20,55,11330,"UNITED KINGDOM",275
100364,P1010,"Ergonomic Chair Cushion",2,2024-12-24,30,10245,GERMANY,60
100364,P1002,"USB Keyboard",5,2023-01-27,25.5,10017,"UNITED KINGDOM",127.5
100364,P1009,"USB-C Hub",5,2024-07-28,45,11067,UAE,225
100365,P1006,"Bluetooth Speaker",5,2023-03-20,55,10569,FRANCE,275
100365,P1005,"HD Webcam",4,2023-12-15,65,10565,FRANCE,260
100365,P1005,"HD Webcam",2,2023-09-25,65,11313,NETHERLANDS,130
100366,P1003,"Laptop Stand",3,2024-03-18,35,10653,FRANCE,105
100366,P1006,"Bluetooth Speaker",1,2023-10-21,55,10108,SINGAPORE,55
100367,P1004,"Noise Cancelling Headphones",4,2023-07-02,120,11067,GERMANY,480
100367,P1010,"Ergonomic Chair Cushion",2,2023-02-28,30,10154,INDIA,60
100368,P1002,"USB Keyboard",5,2023-02-13,25.5,10063,UAE,127.5
100368,P1003,"Laptop Stand",4,2023-12-31,35,10222,SINGAPORE,140
100368,P1009,"USB-C Hub",4,2023-07-02,45,10810,USA,180
100369,P1009,"USB-C Hub",1,2023-08-24,45,11409,SINGAPORE,45
100369,P1006,"Bluetooth Speaker",3,2023-02-11,55,10565,INDIA,165
100369,P1010,"Ergonomic Chair Cushion",2,2024-02-13,30,10799,FRANCE,60
100370,P1010,"Ergonomic Chair Cushion",2,2024-01-11,30,11316,NETHERLANDS,60
100370,P1009,"USB-C Hub",2,2024-08-16,45,10609,GERMANY,90
100370,P1004,"Noise Cancelling Headphones",5,2023-02-10,120,10504,NETHERLANDS,600
100370,P1005,"HD Webcam",5,2023-11-02,65,11657,SINGAPORE,325
100371,P1010,"Ergonomic Chair Cushion",4,2024-08-24,30,10033,"UNITED KINGDOM",120
100371,P1006,"Bluetooth Speaker",3,2024-04-06,55,10477,FRANCE,165
100371,P1009,"USB-C Hub",1,2024-07-09,45,11696,INDIA,45
100371,P1005,"HD Webcam",1,2023-03-31,65,10151,SINGAPORE,65
100372,P1008,"External SSD 1TB",3,2024-11-29,140,10928,"UNITED KINGDOM",420
100372,P1001,"Wireless Mouse",2,2024-07-22,15.99,11305,NETHERLANDS,31.98
100373,P1005,"HD Webcam",3,2023-02-09,65,10764,"UNITED KINGDOM",195
100373,P1010,"Ergonomic Chair Cushion",1,2023-03-01,30,10808,USA,30
100373,P1001,"Wireless Mouse",5,2024-05-21,15.99,10355,FRANCE,79.95
100373,P1010,"Ergonomic Chair Cushion",3,2023-05-23,30,11064,USA,90
100374,P1006,"Bluetooth Speaker",4,2024-08-28,55,11722,GERMANY,220
100375,P1007,"Gaming Mousepad",5,2023-03-01,18.75,11029,NETHERLANDS,93.75
100375,P1005,"HD Webcam",4,2023-04-27,65,11848,USA,260
100375,P1001,"Wireless Mouse",4,2023-03-07,15.99,11424,INDIA,63.96
100375,P1006,"Bluetooth Speaker",3,2023-04-28,55,10855,SINGAPORE,165
100376,P1010,"Ergonomic Chair Cushion",4,2024-12-30,30,11551,FRANCE,120
100376,P1005,"HD Webcam",2,2024-07-12,65,11579,NETHERLANDS,130
100376,P1006,"Bluetooth Speaker",3,2024-02-01,55,10535,USA,165
100376,P1010,"Ergonomic Chair Cushion",1,2023-04-06,30,11476,"UNITED KINGDOM",30
100377,P1007,"Gaming Mousepad",2,2023-12-31,18.75,11663,"UNITED KINGDOM",37.5
100378,P1007,"Gaming Mousepad",5,2024-09-06,18.75,11367,USA,93.75
100378,P1002,"USB Keyboard",3,2024-05-04,25.5,10345,INDIA,76.5
100379,P1003,"Laptop Stand",1,2023-09-27,35,11371,SINGAPORE,35
100380,P1006,"Bluetooth Speaker",1,2024-08-13,55,11171,USA,55
100380,P1003,"Laptop Stand",3,2024-10-23,35,11884,INDIA,105
100380,P1002,"USB Keyboard",2,2023-12-28,25.5,11889,SINGAPORE,51
100380,P1004,"Noise Cancelling Headphones",1,2023-03-15,120,10248,INDIA,120
100381,P1005,"HD Webcam",3,2023-04-04,65,10306,GERMANY,195
100381,P1010,"Ergonomic Chair Cushion",3,2024-02-22,30,11589,INDIA,90
100382,P1009,"USB-C Hub",4,2024-02-21,45,11947,UAE,180
100382,P1003,"Laptop Stand",3,2024-04-03,35,11207,INDIA,105
100382,P1003,"Laptop Stand",1,2024-05-11,35,10217,UAE,35
100382,P1006,"Bluetooth Speaker",4,2023-04-01,55,11134,INDIA,220
100383,P1005,"HD Webcam",1,2024-09-28,65,11791,INDIA,65
100384,P1006,"Bluetooth Speaker",2,2024-04-09,55,10671,"UNITED KINGDOM",110
100385,P1007,"Gaming Mousepad",2,2023-06-28,18.75,10148,NETHERLANDS,37.5
100385,P1003,"Laptop Stand",1,2024-02-13,35,10060,SINGAPORE,35
100385,P1005,"HD Webcam",5,2024-12-10,65,11745,INDIA,325
100385,P1008,"External SSD 1TB",5,2024-12-22,140,11227,UAE,700
100386,P1004,"Noise Cancelling Headphones",5,2024-09-23,120,11442,UAE,600
